Governorate;Delegation
Ariana;Ariana Medina
Ariana;Ettadhamen
Ariana;Kalaat el Andalous
Ariana;Mnihla
Ariana;Raoued
Ariana;Sidi Thabet
Ariana;Soukra
Béja;Amdoun
Béja;Béja Nord
Béja;Béja Sud
Béja;Goubellat
Béja;Medjez El Bab
Béja;Nefza
Béja;Teboursouk
Béja;Testour
Béja;Tibar
Ben Arous;Ben Arous
Ben Arous;Bou Mhel El Bassatine
Ben Arous;El Mourouj
Ben Arous;Ezzahra
Ben Arous;Fouchana
Ben Arous;Hammam Chôtt
Ben Arous;Hammam Lif
Ben Arous;La Nouvelle Medina
Ben Arous;Megrine
Ben Arous;Mohamedia
Ben Arous;Mornag
Ben Arous;Radès
Bizerte;Bizerte Nord
Bizerte;Bizerte Sud
Bizerte;Djoumine
Bizerte;El Alia
Bizerte;Ghar El Melh
Bizerte;Ghezala
Bizerte;Mateur
Bizerte;Menzel Bourguiba
Bizerte;Menzel Jemil
Bizerte;Ras Jabel
Bizerte;Sejenane
Bizerte;Tinja
Bizerte;Utique
Bizerte;Zarzouna
Gabès;El Hamma
Gabès;El Metouia
Gabès;Gabes Medina
Gabès;Gabes Ouest
Gabès;Gabes Sud
Gabès;Ghannouch
Gabès;Menzel El Habib
Gabès;Mareth
Gabès;Matmata
Gabès;Nouvelle Matmata
Gafsa;Belkhir
Gafsa;El Guetar
Gafsa;El Ksar
Gafsa;Gafsa Nord
Gafsa;Gafsa Sud
Gafsa;Mdhilla
Gafsa;Metlaoui
Gafsa;Oum El Araies
Gafsa;Redeyef
Gafsa;Sidi Aïch
Gafsa;Sned
Jendouba;Aïn Draham
Jendouba;Balta-Bou Aouane
Jendouba;Bou Salem
Jendouba;Fernana
Jendouba;Ghardimaou
Jendouba;Jendouba Sud
Jendouba;Jendouba Nord
Jendouba;Oued Meliz
Jendouba;Tabarka
Kairouan;Alaâ
Kairouan;Bou Hajla
Kairouan;Chebika
Kairouan;Echrarda
Kairouan;Haffouz
Kairouan;Hajeb El Ayoun
Kairouan;Kairouan Nord
Kairouan;Kairouan Sud
Kairouan;Nasrallah
Kairouan;Oueslatia
Kairouan;Sbikha
Kassérine;El Ayoun
Kassérine;Ezzouhour
Kassérine;Fériana
Kassérine;Foussana
Kassérine;Haïdra
Kassérine;Hassi El Ferid
Kassérine;Jedelienne
Kassérine;Kasserine Nord
Kassérine;Kasserine Sud
Kassérine;Majel Bel Abbès
Kassérine;Sbeïtla
Kassérine;Sbiba
Kassérine;Thala
Kebili;Douz North
Kebili;Douz South
Kebili;Faouar
Kebili;Kebili North
Kebili;Kebili South
Kebili;Souk El Ahed
Le Kef;Dahmani
Le Kef;Jérissa
Le Kef;El Ksour
Le Kef;Sers
Le Kef;Kalâat Khasba
Le Kef;Kalaat Senan
Le Kef;Kef Est
Le Kef;Kef Ouest
Le Kef;Nebeur
Le Kef;Sakiet Sidi Youssef
Le Kef;Tajerouine
Mahdia;Bou Merdès
Mahdia;Chebba
Mahdia;Chorbane
Mahdia;El Djem
Mahdia;Essouassi
Mahdia;Hebira
Mahdia;Ksour Essef
Mahdia;Mahdia
Mahdia;Melloulèche
Mahdia;Ouled Chamekh
Mahdia;Sidi Alouane
Manouba;Borj El Amri
Manouba;Djedeida
Manouba;Douar Hicher
Manouba;El Battan
Manouba;Manouba
Manouba;Mornaguia
Manouba;Oued Ellil
Manouba;Tebourba
Médenine;Médenine Nord
Médenine;Médenine Sur
Médenine;Beni Khedech
Médenine;Ben Guerdane
Médenine;Zarzis
Médenine;Djerba Houmet Souk
Médenine;Djerba Midoun
Médenine;Djerba Ajim
Médenine;Sidi Makhloulf
Monastir;Bekalta
Monastir;Bembla
Monastir;Beni Hassen
Monastir;Jemmal
Monastir;Ksar Hellal
Monastir;Ksibet el-Médiouni
Monastir;Moknine
Monastir;Monastir
Monastir;Ouerdanine
Monastir;Sahline
Monastir;Sayada-Lamta-Bou Hajar
Monastir;Téboulba
Monastir;Zéramdine
Nabeul;Béni Khalled
Nabeul;Béni Khiar
Nabeul;Bou Argoub
Nabeul;Dar Châabane El Fehri
Nabeul;El Haouaria
Nabeul;El Mida
Nabeul;Grombalia
Nabeul;Hammamet
Nabeul;Hammam El Guezaz
Nabeul;Kélibia
Nabeul;Korba
Nabeul;Menzel Bouzelfa
Nabeul;Menzel Temime
Nabeul;Nabeul
Nabeul;Soliman
Nabeul;Takelsa
Sfax;Agareb
Sfax;Bir Ali Ben Khalifa
Sfax;El Amra
Sfax;El Hencha
Sfax;Graïba
Sfax;Jebiniana
Sfax;Kerkennah
Sfax;Mahrès
Sfax;Menzel Chaker
Sfax;Sakiet Eddaïer
Sfax;Sakiet Ezzit
Sfax;Sfax Ouest
Sfax;Sfax Sud
Sfax;Sfax Ville
Sfax;Skhira
Sfax;Thyna
Sidi Bouzid;Bir El Hafey
Sidi Bouzid;Cebbala Ouled Asker
Sidi Bouzid;Jilma
Sidi Bouzid;Meknassy
Sidi Bouzid;Menzel Bouzaiane
Sidi Bouzid;Mezzouna
Sidi Bouzid;Ouled Haffouz
Sidi Bouzid;Regueb
Sidi Bouzid;Sidi Ali Ben Aoun
Sidi Bouzid;Sidi Bouzid Est
Sidi Bouzid;Sidi Bouzid Ouest
Sidi Bouzid;Souk Jedid
Siliana;Bargou
Siliana;Bou Arada
Siliana;El Aroussa
Siliana;El Krib
Siliana;Gaâfour
Siliana;Kesra
Siliana;Makthar
Siliana;Rouhia
Siliana;Sidi Bou Rouis
Siliana;Siliana Nord
Siliana;Siliana Sud
Sousse;Akouda
Sousse;Bouficha
Sousse;Enfida
Sousse;Hammam Sousse
Sousse;Hergla
Sousse;Kalâa Kebira
Sousse;Kalâa Seghira
Sousse;Kondar
Sousse;M'saken
Sousse;Sidi Bou Ali
Sousse;Sidi El Hani
Sousse;Sousse Jawhara
Sousse;Sousse Médina
Sousse;Sousse Riadh
Sousse;Sousse Sidi Abdelhamid
Tataouine;Bir Lahmar
Tataouine;Dehiba
Tataouine;Ghomrassen
Tataouine;Remada
Tataouine;Smâr
Tataouine;Tataouine Nord
Tataouine;Tataouine Sud
Tozeur;Degache
Tozeur;Hazoua
Tozeur;Nefta
Tozeur;Tameghza
Tozeur;Tozeur
Tunis;Bab El Bhar
Tunis;Bab Souika
Tunis;Carthage
Tunis;Cité El Khadra
Tunis;Djebel Jelloud
Tunis;El Kabaria
Tunis;El Menzah
Tunis;El Omrane
Tunis;El Omrane supérieur
Tunis;El Ouardia
Tunis;Ettahrir
Tunis;Ezzouhour
Tunis;Hraïria
Tunis;La Goulette
Tunis;La Marsa
Tunis;Le Bardo
Tunis;Le Kram
Tunis;Médina
Tunis;Séjoumi
Tunis;Sidi El Béchir
Tunis;Sidi Hassine
Zaghouan;Bir Mcherga
Zaghouan;El Fahs
Zaghouan;Nadhour
Zaghouan;Saouaf
Zaghouan;Zaghouan
Zaghouan;Zriba
